1, 2024-08-01, 08:00:00, 1
2, 2024-08-02, 09:00:00, 2
3, 2024-08-03, 10:00:00, 3
4, 2024-08-04, 11:00:00, 4
5, 2024-08-05, 12:00:00, 5
6, 2024-08-06, 13:00:00, 6
7, 2024-08-07, 14:00:00, 7
8, 2024-08-08, 15:00:00, 8
9, 2024-08-09, 16:00:00, 9
10, 2024-08-10, 17:00:00, 10
11, 2024-08-11, 18:00:00, 11
12, 2024-08-12, 19:00:00, 12
13, 2024-08-13, 20:00:00, 13
14, 2024-08-14, 21:00:00, 14
15, 2024-08-15, 22:00:00, 15
16, 2024-08-16, 23:00:00, 16
17, 2024-08-17, 00:00:00, 17
18, 2024-08-18, 01:00:00, 18
19, 2024-08-19, 02:00:00, 19
20, 2024-08-20, 03:00:00, 20
21, 2024-08-21, 04:00:00, 21
22, 2024-08-22, 05:00:00, 22
23, 2024-08-23, 06:00:00, 23
24, 2024-08-24, 07:00:00, 24
25, 2024-08-25, 08:00:00, 25
26, 2024-08-26, 09:00:00, 26
27, 2024-08-27, 10:00:00, 27
28, 2024-08-28, 11:00:00, 28
29, 2024-08-29, 12:00:00, 29
30, 2024-08-30, 13:00:00, 30
31, 2024-08-31, 14:00:00, 31
32, 2024-09-01, 15:00:00, 32
33, 2024-09-02, 16:00:00, 33
34, 2024-09-03, 17:00:00, 34
35, 2024-09-04, 18:00:00, 35
36, 2024-09-05, 19:00:00, 36
37, 2024-09-06, 20:00:00, 37
38, 2024-09-07, 21:00:00, 38
39, 2024-09-08, 22:00:00, 39
40, 2024-09-09, 23:00:00, 40
41, 2024-09-10, 00:00:00, 41
42, 2024-09-11, 01:00:00, 42
43, 2024-09-12, 02:00:00, 43
44, 2024-09-13, 03:00:00, 44
45, 2024-09-14, 04:00:00, 45
46, 2024-09-15, 05:00:00, 46
47, 2024-09-16, 06:00:00, 47
48, 2024-09-17, 07:00:00, 48
49, 2024-09-18, 08:00:00, 49
50, 2024-09-19, 09:00:00, 50
51, 2024-09-20, 10:00:00, 51
52, 2024-09-21, 11:00:00, 52
53, 2024-09-22, 12:00:00, 53
54, 2024-09-23, 13:00:00, 54
55, 2024-09-24, 14:00:00, 55
56, 2024-09-25, 15:00:00, 56
57, 2024-09-26, 16:00:00, 57
58, 2024-09-27, 17:00:00, 58
59, 2024-09-28, 18:00:00, 59
60, 2024-09-29, 19:00:00, 60
61, 2024-09-30, 20:00:00, 61
62, 2024-10-01, 21:00:00, 62
63, 2024-10-02, 22:00:00, 63
64, 2024-10-03, 23:00:00, 64
65, 2024-10-04, 00:00:00, 65
66, 2024-10-05, 01:00:00, 66
67, 2024-10-06, 02:00:00, 67
68, 2024-10-07, 03:00:00, 68
69, 2024-10-08, 04:00:00, 69
70, 2024-10-09, 05:00:00, 70
71, 2024-10-10, 06:00:00, 71
72, 2024-10-11, 07:00:00, 72
73, 2024-10-12, 08:00:00, 73
74, 2024-10-13, 09:00:00, 74
75, 2024-10-14, 10:00:00, 75
76, 2024-10-15, 11:00:00, 76
77, 2024-10-16, 12:00:00, 77
78, 2024-10-17, 13:00:00, 78
79, 2024-10-18, 14:00:00, 79
80, 2024-10-19, 15:00:00, 80
81, 2024-10-20, 16:00:00, 81
82, 2024-10-21, 17:00:00, 82
83, 2024-10-22, 18:00:00, 83
84, 2024-10-23, 19:00:00, 84
85, 2024-10-24, 20:00:00, 85
86, 2024-10-25, 21:00:00, 86
87, 2024-10-26, 22:00:00, 87
88, 2024-10-27, 23:00:00, 88
89, 2024-10-28, 00:00:00, 89
90, 2024-10-29, 01:00:00, 90
91, 2024-10-30, 02:00:00, 91
92, 2024-10-31, 03:00:00, 92
93, 2024-11-01, 04:00:00, 93
94, 2024-11-02, 05:00:00, 94
95, 2024-11-03, 06:00:00, 95
96, 2024-11-04, 07:00:00, 96
97, 2024-11-05, 08:00:00, 97
98, 2024-11-06, 09:00:00, 98
99, 2024-11-07, 10:00:00, 99
100, 2024-11-08, 11:00:00, 100
101, 2024-11-09, 12:00:00, 101
102, 2024-11-10, 13:00:00, 102
103, 2024-11-11, 14:00:00, 103
104, 2024-11-12, 15:00:00, 104
105, 2024-11-13, 16:00:00, 105
106, 2024-11-14, 17:00:00, 106
107, 2024-11-15, 18:00:00, 107
108, 2024-11-16, 19:00:00, 108
109, 2024-11-17, 20:00:00, 109
110, 2024-11-18, 21:00:00, 110
111, 2024-11-19, 22:00:00, 111
112, 2024-11-20, 23:00:00, 112
113, 2024-11-21, 00:00:00, 113
114, 2024-11-22, 01:00:00, 114
115, 2024-11-23, 02:00:00, 115
116, 2024-11-24, 03:00:00, 116
117, 2024-11-25, 04:00:00, 117
118, 2024-11-26, 05:00:00, 118
119, 2024-11-27, 06:00:00, 119
120, 2024-11-28, 07:00:00, 120
121, 2024-11-29, 08:00:00, 121
122, 2024-11-30, 09:00:00, 122
123, 2024-12-01, 10:00:00, 123
124, 2024-12-02, 11:00:00, 124
125, 2024-12-03, 12:00:00, 125
126, 2024-12-04, 13:00:00, 126
127, 2024-12-05, 14:00:00, 127
128, 2024-12-06, 15:00:00, 128
129, 2024-12-07, 16:00:00, 129
130, 2024-12-08, 17:00:00, 130
131, 2024-12-09, 18:00:00, 131
132, 2024-12-10, 19:00:00, 132
133, 2024-12-11, 20:00:00, 133
134, 2024-12-12, 21:00:00, 134
135, 2024-12-13, 22:00:00, 135
136, 2024-12-14, 23:00:00, 136
137, 2024-12-15, 00:00:00, 137
138, 2024-12-16, 01:00:00, 138
139, 2024-12-17, 02:00:00, 139
140, 2024-12-18, 03:00:00, 140
141, 2024-12-19, 04:00:00, 141
142, 2024-12-20, 05:00:00, 142
143, 2024-12-21, 06:00:00, 143
144, 2024-12-22, 07:00:00, 144
145, 2024-12-23, 08:00:00, 145
146, 2024-12-24, 09:00:00, 146
147, 2024-12-25, 10:00:00, 147
148, 2024-12-26, 11:00:00, 148
149, 2024-12-27, 12:00:00, 149
150, 2024-12-28, 13:00:00, 150
151, 2024-12-29, 14:00:00, 151
152, 2024-12-30, 15:00:00, 152
153, 2024-12-31, 16:00:00, 153
154, 2025-01-01, 17:00:00, 154
155, 2025-01-02, 18:00:00, 155
156, 2025-01-03, 19:00:00, 156
157, 2025-01-04, 20:00:00, 157
158, 2025-01-05, 21:00:00, 158
159, 2025-01-06, 22:00:00, 159
160, 2025-01-07, 23:00:00, 160
161, 2025-01-08, 00:00:00, 161
162, 2025-01-09, 01:00:00, 162
163, 2025-01-10, 02:00:00, 163
164, 2025-01-11, 03:00:00, 164
165, 2025-01-12, 04:00:00, 165
166, 2025-01-13, 05:00:00, 166
167, 2025-01-14, 06:00:00, 167
168, 2025-01-15, 07:00:00, 168
169, 2025-01-16, 08:00:00, 169
170, 2025-01-17, 09:00:00, 170
171, 2025-01-18, 10:00:00, 171
172, 2025-01-19, 11:00:00, 172
173, 2025-01-20, 12:00:00, 173
174, 2025-01-21, 13:00:00, 174
175, 2025-01-22, 14:00:00, 175
176, 2025-01-23, 15:00:00, 176
177, 2025-01-24, 16:00:00, 177
178, 2025-01-25, 17:00:00, 178
179, 2025-01-26, 18:00:00, 179
180, 2025-01-27, 19:00:00, 180
181, 2025-01-28, 20:00:00, 181
182, 2025-01-29, 21:00:00, 182
183, 2025-01-30, 22:00:00, 183
184, 2025-01-31, 23:00:00, 184
185, 2025-02-01, 00:00:00, 185
186, 2025-02-02, 01:00:00, 186
187, 2025-02-03, 02:00:00, 187
188, 2025-02-04, 03:00:00, 188
189, 2025-02-05, 04:00:00, 189
190, 2025-02-06, 05:00:00, 190
191, 2025-02-07, 06:00:00, 191
192, 2025-02-08, 07:00:00, 192
193, 2025-02-09, 08:00:00, 193
194, 2025-02-10, 09:00:00, 194
195, 2025-02-11, 10:00:00, 195
196, 2025-02-12, 11:00:00, 196
197, 2025-02-13, 12:00:00, 197
198, 2025-02-14, 13:00:00, 198
199, 2025-02-15, 14:00:00, 199
200, 2025-02-16, 15:00:00, 200